"default_quantity","serving_size","serving_unit","fk_nutrition_cooked","fk_nutrition_raw","id","image_path","name","serving_desc"
200.0,100.0,0,11008,11007,1,,artichoke,
250.0,25.0,0,11012,11011,2,,asparagus,spear
300.0,15.0,0,11019,11018,3,,asparagus frozen,spear
300.0,40.0,0,11087,11086,4,,beet greens,one
250.0,250.0,0,11091,11090,5,,broccoli,whole
1000.0,150.0,0,11095,11094,6,,broccoli frozen,spears
500.0,20.0,0,11099,11098,7,,brussels sprout,piece
1200.0,1200.0,0,11110,11109,8,,cabbage red/white,head
1200.0,1200.0,0,11115,11114,9,,cabbage savoy,head
300.0,32.0,0,11144,11143,10,,celery,stalk
,190.0,2,11162,11161,11,,collard greens,cup
200.0,50.0,2,11204,11203,12,,garden cress,cup
350.0,350.0,0,,11206,13,,cucumber,whole
450.0,50.0,0,11937,,14,,pickled cucumber,one
450.0,450.0,0,11210,11209,15,,eggplant,whole
200.0,200.0,0,11478,11477,16,,courgette (zucchini),medium
45.0,6.0,0,,11215,17,,garlic,clove
200.0,200.0,3,11234,11233,18,,kale,packet
120.0,120.0,0,11247,11246,19,,leek,whole
440.0,220.0,0,,11251,20,,romaine lettuce,head
360.0,360.0,0,,11253,21,,green leaf lettuce,head
450.0,450.0,0,,11252,22,,iceberg lettuce,head(15cm)
310.0,310.0,0,,11257,23,,redleaf lettuce,head
300.0,60.0,0,11283,11282,24,,onion,small(5cm)
100.0,100.0,2,,11291,25,,spring onion,cup
150.0,150.0,0,11334,11333,26,,green pepper,whole
150.0,150.0,0,11822,11821,27,,red pepper,whole
150.0,150.0,0,11823,11951,28,,yellow pepper,whole
150.0,45.0,0,,11819,29,,chilli pepper,whole
240.0,240.0,3,11458,11457,30,,spinach,packet
200.0,100.0,3,11148,11147,31,,swiss chard,packet
500.0,100.0,0,11530,11529,32,,tomato,small(5cm)
100.0,2.0,0,,11955,33,,tomato sun-dried,piece
500.0,500.0,0,,11547,34,,tomato passata,can
400.0,400.0,0,,11531,35,,tomato canned,can
100.0,100.0,3,,11591,36,,water cress,packet
500.0,82.0,0,11081,11080,37,,beet root,small(5cm)
230.0,230.0,0,,11609,38,,beetroot (pickled),small(5cm)
1000.0,60.0,0,11125,11124,39,,carrot,medium(15-17cm)
840.0,840.0,0,11136,11135,40,,cauliflower,whole
125.0,125.0,0,11168,11167,41,,corn,"1 ear(cob)"
1000.0,165.0,2,11179,,42,,corn frozen,cup
260.0,130.0,3,,11172,43,,corn canned,can
30.0,2.0,1,,11216,44,,ginger root,tsp
160.0,160.0,0,11299,11298,45,,parsnip,"20cm"
1000.0,245.0,2,11423,11422,46,,pumpkin,cup(mashed)
,,,,,47,,radish,
700.0,700.0,0,11510,,48,,sweet potato,large(15-20cm)
,,,,,49,,turnip,
1000.0,200.0,0,11363,,50,,potato,medium(6-8cm)
,,,,,51,,winter squash,
540.0,90.0,0,9005,9003,52,,apple,medium(6cm)
86.0,86.0,2,9012,9011,53,,apple dried,cup
300.0,150.0,0,,9037,54,,avocado,medium
300.0,50.0,0,,9021,55,,apricot,medium
660.0,110.0,0,,9040,56,,banana,medium
200.0,100.0,2,,9041,57,,banana dried,cup
144.0,144.0,2,,9042,58,,blackberry,cup
150.0,150.0,2,,9050,59,,blueberry,cup
400.0,150.0,2,,9054,60,,blueberry frozen,cup
140.0,140.0,2,,9070,61,,sweet cherry,cup
240.0,80.0,2,,12104,62,,coconut meat,cup
1000.0,240.0,2,,12119,63,,coconut water,cup
200.0,100.0,2,,9078,64,,cranberry,cup
224.0,112.0,2,,9083,65,,blackcurrant,cup
200.0,7.0,0,,9087,66,,date (degletnoor),one
200.0,24.0,0,,9421,67,,date (medjool),one
290.0,145.0,2,,9088,68,,elderberry,cup
200.0,50.0,0,,9089,69,,fig,medium
200.0,8.0,0,,9094,70,,fig dried,one
300.0,300.0,0,,9112,71,,grapefruit,medium(10cm)
200.0,5.0,0,,9132,72,,grapes,one
2000.0,2000.0,3,,9184,73,,honeydew melon,whole
420.0,70.0,0,,9148,74,,kiwi,one
300.0,60.0,0,,9150,75,,lemon,medium
300.0,60.0,0,,9159,76,,lime,one
480.0,80.0,0,,9218,77,,tangerine (mandarin),medium(6cm)
350.0,350.0,0,,9176,78,,mango,medium
100.0,100.0,3,,9178,79,,mango dried,packet
240.0,120.0,0,,9191,80,,nectarine,medium(6cm)
200.0,4.0,0,,9193,81,,olive,one
360.0,180.0,0,,9200,82,,orange,medium(8cm)
650.0,130.0,0,,9236,83,,peach,small(6cm)
320.0,160.0,2,9247,9246,84,,peach dried,cup
600.0,100.0,0,,9252,85,,pear,small(5cm width)
180.0,180.0,2,,9259,86,,pear dried,cup
900.0,900.0,0,,9266,87,,pineapple,one
300.0,60.0,0,,9279,88,,plum,medium(5cm)
200.0,10.0,0,9292,9291,89,,prune (driedplum),one
240.0,120.0,2,,9302,90,,raspberry,cup
350.0,140.0,2,,9518,91,,raspberry frozen,cup
150.0,150.0,2,,9316,92,,strawberry,cup
500.0,200.0,2,,9318,93,,strawberry frozen,cup
8000.0,8000.0,0,,9326,94,,watermelon,"20cm width"
200.0,200.0,3,,1019,95,,feta cheese,pack
150.0,150.0,3,,1026,96,,mozzarella,pack
400.0,400.0,3,,1009,97,,cheddar cheese,pack
1000.0,250.0,2,,1077,98,,milk whole,cup
1000.0,250.0,2,,1079,99,,milk semi-skimmed,cup
1000.0,250.0,2,,1082,100,,milk skimmed,cup
1000.0,250.0,2,,14091,101,,almond milk,cup
1000.0,250.0,2,,1106,102,,goat's milk,cup
500.0,500.0,3,,1116,103,,yogurt whl milk,pot
500.0,500.0,3,,1117,104,,yogurt low fat,pot
500.0,500.0,3,,1293,105,,yogurt greek whl milk,pot
500.0,500.0,3,,1287,106,,yogurt greek low fat,pot
250.0,14.0,1,,1145,107,,butter,tbsp
270.0,45.0,0,1129,1123,108,,egg,medium
360.0,60.0,0,,18041,109,,bread pitta white wheat,pitta
360.0,60.0,0,,18042,110,,bread pitta whole wheat,pitta
800.0,50.0,0,18070,18069,111,,bread white wheat,slice
800.0,40.0,0,18076,18075,112,,bread whole wheat,slice
1000.0,125.0,2,,20581,113,,wheat flour white plain,cup
1000.0,125.0,2,,20082,114,,wheat flour white self-rising,cup
1000.0,81.0,2,8121,8120,115,,oats,cup(dry)
800.0,95.0,2,20034,20033,116,,oat bran,cup
1000.0,185.0,2,20445,20444,117,,rice white long grain,cup
1000.0,190.0,2,20041,20040,118,,rice brown medium grain,cup
250.0,250.0,3,20134,20133,119,,rice noodles,packet
320.0,80.0,0,,28313,120,,rolls whole wheat,large bap
200.0,30.0,0,12063,12061,121,,almonds,"20 kernels(=30g)"
200.0,30.0,0,,12563,122,,almonds roasted w/salt,"20 kernels(=30g)"
170.0,16.0,1,,12195,123,,almond butter (roasted),tbsp
200.0,30.0,0,,12078,124,,brazil nuts,"10 kernels(=30g)"
200.0,30.0,0,12085,12087,125,,cashew nuts,"15 kernels(=30g)"
200.0,30.0,0,,12585,126,,cashew nuts roasted w/salt,"16 kernels(=30g)"
170.0,16.0,1,,12088,127,,cashew butter,tbsp
400.0,140.0,2,,12167,128,,chestnuts roasted,cup
200.0,15.0,1,,12006,129,,chia seeds,tbsp
100.0,10.0,1,,12220,130,,flax seeds,tbsp
200.0,30.0,0,12122,12120,131,,hazelnuts,"20 kernels(=30g)"
200.0,30.0,0,12132,12131,132,,macadamia,"15 kernels(=30g)"
200.0,30.0,0,12143,12142,133,,pecan nuts,"15 kernels(=30g)"
100.0,15.0,1,,12147,134,,pine nuts,tbsp
200.0,30.0,0,12152,12151,135,,pistachio nuts,"30 kernels(=30g)"
200.0,30.0,0,,12652,136,,pistachio nuts roasted w/salt,"30 kernels(=30g)"
100.0,9.0,1,12024,12023,138,,sesame seeds,tbsp
250.0,8.0,0,12037,12036,139,,sunflower seeds,tbsp
200.0,30.0,0,,12155,140,,walnuts,"10 half-kernels(=30g)"
800.0,14.0,1,,4506,141,,sunflower oil,tbsp(800g=1L)
900.0,14.0,1,,4053,142,,olive oil,tbsp(900g=1L)
280.0,14.0,1,,4047,143,,coconut oil,tbsp(280=300ml)
30.0,3.0,1,,2044,144,,basil fresh,tbsp(chopped)
15.0,0.7,1,,2003,145,,basil dried,tsp
40.0,2.6,1,,2010,146,,cinamon ground,tsp
35.0,2.1,1,,2011,147,,cloves ground,tsp
40.0,2.1,1,,2014,148,,cumin seed,tsp
20.0,1.0,1,,2045,149,,dill fresh,"5 sprigs"
13.0,1.0,0,,2017,150,,dill dried,tsp
12.0,1.8,1,,2027,151,,oregano dried,tsp
30.0,3.8,1,,11297,152,,parsley fresh,tbsp
6.0,1.6,1,,2029,153,,parsley dried,tbsp
10.0,1.6,1,,2064,154,,peppermint fresh,tbsp(chopped)
20.0,1.7,1,,2063,155,,rosemary fresh,tbsp
20.0,3.3,1,,2036,156,,rosemary dried,tbsp
1.0,0.7,1,,2037,157,,saffron,tsp
15.0,0.7,1,,2038,158,,sage ground,tsp
150.0,18.0,1,,16124,159,,soy sauce,tbsp
,1.0,1,,2042,160,,thyme dried,tsp
,0.8,1,,2049,161,,thyme fresh,tsp
,3.0,1,,2043,162,,turmeric ground,tsp
,6.3,1,,2015,163,,curry powder,tbsp
,1.8,1,,2021,164,,ginger ground,tsp
,2.3,1,,2028,165,,paprika,tsp
,2.3,1,,2030,166,,pepper black,tsp
,1.8,1,,2031,167,,pepper red/cayenne,tsp
,1.4,1,,2039,168,,savory ground,tsp
,6.0,1,,2047,169,,salt table,tsp
,5.0,1,,2046,170,,mustard,tsp
,15.0,1,,2048,171,,vinegar cider,tbsp
,16.0,1,,2069,172,,vinegar balsamic,tbsp
,15.0,1,,2068,173,,vinegar red wine,tbsp
,18.0,1,,6112,174,,teriyaki sauce,tbsp
,17.0,1,,6150,175,,barbecue sauce,tbsp
,14.0,1,,4025,176,,mayonnaise regular,tbsp
,15.0,1,,4011,177,,mayonnaise light,tbsp
,164.0,2,16057,16056,178,,chickpeas,cup
,177.0,2,16028,,179,,beans kidney,cup
,177.0,2,16033,,180,,beans kidney red,cup
,182.0,2,16038,16037,181,,beans navy,cup
,172.0,2,16015,,182,,beans black,cup
,179.0,2,16050,,183,,beans white,cup
,193.0,2,16043,,184,,beans pinto,cup
,180.0,2,16023,16022,185,,beans french,cup
,192.0,2,16070,,186,,lentils,cup
,160.0,0,11313,11312,187,,peas frozen,cup
,150.0,2,11305,11304,188,,peas,cup
,146.0,2,16390,16087,189,,peanuts,cup
,145.0,2,,16090,190,,peanuts roasted w/salt,cup
,16.0,1,,16398,191,,peanut butter smooth,tbsp
,16.0,1,,16397,192,,peanut butter crunchy,tbsp
,156.0,2,11261,11260,193,,mushrooms white button,cup(cooked)
,50.0,0,11243,11265,194,,mushrooms portabello (large flat),piece(cooked)
,18.0,0,11269,11238,195,,mushrooms shiitake,one(cooked)
180.0,90.0,0,23568,,196,,beef burger 15% fat,patty(raw=230g)
500.0,500.0,0,10976,,197,,pork mince 4% fat,packet
400.0,400.0,0,10975,,198,,pork mince 16% fat,packet
240.0,120.0,0,10064,,199,,pork loin boneless,steak(raw=175g)
460.0,115.0,0,10082,,200,,pork shoulder,steak(raw=150g)
240.0,120.0,0,5063,,201,,chicken breast fillet,fillet(raw=160g)
240.0,120.0,0,5098,,202,,chicken thigh,fillet(raw=160g)
900.0,100.0,0,5069,,203,,chicken drumsticks,drumstick(raw=130g)
850.0,85.0,0,5103,,204,,chicken wings,wing(raw=105g)
210.0,105.0,0,15237,15236,205,,salmon,fillet(raw=120g)
270.0,270.0,0,15047,15046,206,,mackerel,whole(raw=340g)
120.0,120.0,0,,15121,207,,tuna canned water,can(with water=160g)
180.0,180.0,0,,15016,208,,cod,fillet(raw=230g)
500.0,20.0,1,,19296,211,,honey,tbsp
100.0,64.0,2,12016,12014,137,,pumpkin seeds,cup
